,Topic
0,Thể thao
1,Sức khỏe
2,Thể thao
3,Sức khỏe
4,Giáo dục
5,Sức khỏe
6,Bất động sản
7,Khoa học và công nghệ
8,Khoa học và công nghệ
9,Sức khỏe
10,Khoa học và công nghệ
11,Thể thao
12,Bất động sản
13,Giáo dục
14,Sức khỏe
15,Sức khỏe
16,Bất động sản
17,Giải trí
18,Thể thao
19,Sức khỏe
20,Kinh doanh
21,Thời sự
22,Bất động sản
23,Kinh doanh
24,Thời sự
25,Bất động sản
26,Giải trí
27,Thể thao
28,Sức khỏe
29,Sức khỏe
30,Bất động sản
31,Giải trí
32,Khoa học và công nghệ
33,Thời sự
34,Sức khỏe
35,Bất động sản
36,Sức khỏe
37,Sức khỏe
38,Giáo dục
39,Sức khỏe
40,Thời sự
41,Thời sự
42,Thể thao
43,Kinh doanh
44,Kinh doanh
45,Giáo dục
46,Khoa học và công nghệ
47,Kinh doanh
48,Thời sự
49,Thể thao
50,Thời sự
51,Thể thao
52,Giải trí
53,Kinh doanh
54,Kinh doanh
55,Kinh doanh
56,Thời sự
57,Khoa học và công nghệ
58,Kinh doanh
59,Bất động sản
60,Giáo dục
61,Giải trí
62,Giải trí
63,Thể thao
64,Thời sự
65,Giải trí
66,Giải trí
67,Bất động sản
68,Sức khỏe
69,Thể thao
70,Sức khỏe
71,Kinh doanh
72,Giáo dục
73,Giáo dục
74,Khoa học và công nghệ
75,Thời sự
76,Thời sự
77,Khoa học và công nghệ
78,Kinh doanh
79,Thời sự
80,Giáo dục
81,Khoa học và công nghệ
82,Giáo dục
83,Khoa học và công nghệ
84,Sức khỏe
85,Giải trí
86,Kinh doanh
87,Khoa học và công nghệ
88,Thời sự
89,Bất động sản
90,Bất động sản
91,Thể thao
92,Sức khỏe
93,Giải trí
94,Sức khỏe
95,Khoa học và công nghệ
96,Thời sự
97,Giáo dục
98,Bất động sản
99,Giáo dục
100,Thời sự
101,Sức khỏe
102,Giáo dục
103,Thời sự
104,Khoa học và công nghệ
105,Giáo dục
106,Thể thao
107,Sức khỏe
108,Kinh doanh
109,Sức khỏe
110,Giáo dục
111,Thể thao
112,Kinh doanh
113,Giáo dục
114,Thời sự
115,Bất động sản
116,Bất động sản
117,Sức khỏe
118,Sức khỏe
119,Kinh doanh
120,Bất động sản
121,Thể thao
122,Giáo dục
123,Sức khỏe
124,Thể thao
125,Thể thao
126,Kinh doanh
127,Giải trí
128,Bất động sản
129,Thể thao
130,Kinh doanh
131,Giáo dục
132,Kinh doanh
133,Khoa học và công nghệ
134,Kinh doanh
135,Thể thao
136,Thể thao
137,Khoa học và công nghệ
138,Thời sự
139,Khoa học và công nghệ
140,Thể thao
141,Giáo dục
142,Thời sự
143,Kinh doanh
144,Khoa học và công nghệ
145,Kinh doanh
146,Kinh doanh
147,Bất động sản
148,Khoa học và công nghệ
149,Giải trí
150,Bất động sản
151,Thời sự
152,Thể thao
153,Giải trí
154,Khoa học và công nghệ
155,Giải trí
156,Bất động sản
157,Sức khỏe
158,Sức khỏe
159,Sức khỏe
160,Giải trí
161,Giáo dục
162,Thời sự
163,Kinh doanh
164,Giáo dục
165,Thời sự
166,Bất động sản
167,Giải trí
168,Bất động sản
169,Thời sự
170,Bất động sản
171,Kinh doanh
172,Thể thao
173,Khoa học và công nghệ
174,Thể thao
175,Sức khỏe
176,Khoa học và công nghệ
177,Khoa học và công nghệ
178,Giáo dục
179,Sức khỏe
180,Sức khỏe
181,Giáo dục
182,Giáo dục
183,Giải trí
184,Kinh doanh
185,Kinh doanh
186,Bất động sản
187,Khoa học và công nghệ
188,Bất động sản
189,Kinh doanh
190,Bất động sản
191,Bất động sản
192,Bất động sản
193,Bất động sản
194,Thời sự
195,Thể thao
196,Thời sự
197,Khoa học và công nghệ
198,Giáo dục
199,Sức khỏe
200,Giải trí
201,Kinh doanh
202,Thời sự
203,Kinh doanh
204,Sức khỏe
205,Bất động sản
206,Khoa học và công nghệ
207,Giải trí
208,Kinh doanh
209,Kinh doanh
210,Giáo dục
211,Thể thao
212,Bất động sản
213,Giải trí
214,Giáo dục
215,Giải trí
216,Giáo dục
217,Thời sự
218,Sức khỏe
219,Giải trí
220,Thể thao
221,Kinh doanh
222,Sức khỏe
223,Kinh doanh
224,Thời sự
225,Thể thao
226,Giáo dục
227,Sức khỏe
228,Khoa học và công nghệ
229,Kinh doanh
230,Bất động sản
231,Sức khỏe
232,Sức khỏe
233,Thể thao
234,Giáo dục
235,Khoa học và công nghệ
236,Sức khỏe
237,Khoa học và công nghệ
238,Sức khỏe
239,Thời sự
240,Giải trí
241,Thời sự
242,Khoa học và công nghệ
243,Giáo dục
244,Thời sự
245,Giải trí
246,Giáo dục
247,Thể thao
248,Bất động sản
249,Sức khỏe
250,Giáo dục
251,Thể thao
252,Bất động sản
253,Sức khỏe
254,Bất động sản
255,Khoa học và công nghệ
256,Thể thao
257,Sức khỏe
258,Thời sự
259,Giáo dục
260,Kinh doanh
261,Khoa học và công nghệ
262,Bất động sản
263,Khoa học và công nghệ
264,Thể thao
265,Khoa học và công nghệ
266,Sức khỏe
267,Kinh doanh
268,Thể thao
269,Sức khỏe
270,Bất động sản
271,Thể thao
272,Sức khỏe
273,Sức khỏe
274,Thời sự
275,Thời sự
276,Bất động sản
277,Giải trí
278,Giải trí
279,Thời sự
280,Khoa học và công nghệ
281,Sức khỏe
282,Thể thao
283,Bất động sản
284,Giải trí
285,Khoa học và công nghệ
286,Giải trí
287,Sức khỏe
288,Kinh doanh
289,Khoa học và công nghệ
290,Giáo dục
291,Giải trí
292,Thời sự
293,Sức khỏe
294,Sức khỏe
295,Sức khỏe
296,Bất động sản
297,Kinh doanh
298,Thể thao
299,Bất động sản
300,Bất động sản
301,Giáo dục
302,Thể thao
303,Giải trí
304,Sức khỏe
305,Thời sự
306,Giáo dục
307,Thời sự
308,Giáo dục
309,Thể thao
310,Sức khỏe
311,Sức khỏe
312,Thể thao
313,Bất động sản
314,Bất động sản
315,Kinh doanh
316,Bất động sản
317,Thời sự
318,Thể thao
319,Giải trí
320,Giải trí
321,Giáo dục
322,Kinh doanh
323,Kinh doanh
324,Thời sự
325,Kinh doanh
326,Thể thao
327,Kinh doanh
328,Giải trí
329,Sức khỏe
330,Thời sự
331,Giáo dục
332,Sức khỏe
333,Thể thao
334,Bất động sản
335,Sức khỏe
336,Bất động sản
337,Kinh doanh
338,Bất động sản
339,Thể thao
340,Sức khỏe
341,Kinh doanh
342,Khoa học và công nghệ
343,Giáo dục
344,Giải trí
345,Bất động sản
346,Kinh doanh
347,Thể thao
348,Khoa học và công nghệ
349,Sức khỏe
350,Kinh doanh
351,Giáo dục
352,Thời sự
353,Khoa học và công nghệ
354,Kinh doanh
355,Sức khỏe
356,Kinh doanh
357,Bất động sản
358,Sức khỏe
359,Giáo dục
360,Thời sự
361,Kinh doanh
362,Kinh doanh
363,Giải trí
364,Kinh doanh
365,Giáo dục
366,Kinh doanh
367,Kinh doanh
368,Khoa học và công nghệ
369,Giáo dục
370,Giáo dục
371,Thể thao
372,Bất động sản
373,Kinh doanh
374,Giáo dục
375,Giáo dục
376,Kinh doanh
377,Giáo dục
378,Bất động sản
379,Giải trí
380,Thể thao
381,Thời sự
382,Thể thao
383,Giáo dục
384,Thời sự
385,Khoa học và công nghệ
386,Giải trí
387,Sức khỏe
388,Kinh doanh
389,Thời sự
390,Khoa học và công nghệ
391,Thể thao
392,Giáo dục
393,Thể thao
394,Giáo dục
395,Bất động sản
396,Giáo dục
397,Khoa học và công nghệ
398,Giáo dục
399,Kinh doanh
400,Thời sự
401,Bất động sản
402,Giáo dục
403,Giải trí
404,Thời sự
405,Khoa học và công nghệ
406,Khoa học và công nghệ
407,Thời sự
408,Thể thao
409,Thể thao
410,Thể thao
411,Khoa học và công nghệ
412,Sức khỏe
413,Sức khỏe
414,Thể thao
415,Giải trí
416,Giải trí
417,Thời sự
418,Bất động sản
419,Giải trí
420,Giáo dục
421,Thời sự
422,Khoa học và công nghệ
423,Sức khỏe
424,Khoa học và công nghệ
425,Kinh doanh
426,Thời sự
427,Giáo dục
428,Thể thao
429,Giáo dục
430,Thời sự
431,Kinh doanh
432,Kinh doanh
433,Kinh doanh
434,Sức khỏe
435,Giải trí
436,Thể thao
437,Sức khỏe
438,Giải trí
439,Kinh doanh
440,Sức khỏe
441,Giải trí
442,Giáo dục
443,Giáo dục
444,Thời sự
445,Kinh doanh
446,Bất động sản
447,Khoa học và công nghệ
448,Kinh doanh
449,Sức khỏe
450,Giải trí
451,Bất động sản
452,Thời sự
453,Thời sự
454,Giải trí
455,Khoa học và công nghệ
456,Bất động sản
457,Thể thao
458,Bất động sản
459,Thể thao
460,Giáo dục
461,Sức khỏe
462,Bất động sản
463,Giáo dục
464,Thể thao
465,Thể thao
466,Thời sự
467,Thể thao
468,Sức khỏe
469,Giáo dục
470,Thời sự
471,Thể thao
472,Kinh doanh
473,Giáo dục
474,Bất động sản
475,Sức khỏe
476,Khoa học và công nghệ
477,Kinh doanh
478,Thể thao
479,Giáo dục
480,Sức khỏe
481,Thời sự
482,Thời sự
483,Giải trí
484,Sức khỏe
485,Kinh doanh
486,Thể thao
487,Sức khỏe
488,Thời sự
489,Kinh doanh
490,Sức khỏe
491,Khoa học và công nghệ
492,Kinh doanh
493,Giáo dục
494,Thể thao
495,Sức khỏe
496,Thể thao
497,Giải trí
498,Bất động sản
499,Sức khỏe
500,Kinh doanh
501,Sức khỏe
502,Sức khỏe
503,Giải trí
504,Khoa học và công nghệ
505,Sức khỏe
506,Thể thao
507,Bất động sản
508,Kinh doanh
509,Kinh doanh
510,Thời sự
511,Bất động sản
512,Thể thao
513,Giáo dục
514,Giải trí
515,Thể thao
516,Sức khỏe
517,Thời sự
518,Giải trí
519,Thể thao
520,Giải trí
521,Giải trí
522,Kinh doanh
523,Thể thao
524,Sức khỏe
525,Sức khỏe
526,Khoa học và công nghệ
527,Khoa học và công nghệ
528,Giáo dục
529,Thể thao
530,Kinh doanh
531,Bất động sản
532,Thời sự
533,Sức khỏe
534,Giải trí
535,Giáo dục
536,Bất động sản
537,Thời sự
538,Thời sự
539,Thời sự
540,Sức khỏe
541,Thể thao
542,Giải trí
543,Giải trí
544,Giáo dục
545,Giải trí
546,Thời sự
547,Kinh doanh
548,Thời sự
549,Thể thao
550,Sức khỏe
551,Giáo dục
552,Giáo dục
553,Giải trí
554,Giáo dục
555,Sức khỏe
556,Kinh doanh
557,Kinh doanh
558,Thời sự
559,Sức khỏe
560,Sức khỏe
561,Bất động sản
562,Thời sự
563,Sức khỏe
564,Thời sự
565,Kinh doanh
566,Kinh doanh
567,Giải trí
568,Giáo dục
569,Kinh doanh
570,Thời sự
571,Sức khỏe
572,Giải trí
573,Sức khỏe
574,Kinh doanh
575,Sức khỏe
576,Khoa học và công nghệ
577,Khoa học và công nghệ
578,Giáo dục
579,Khoa học và công nghệ
580,Kinh doanh
581,Kinh doanh
582,Khoa học và công nghệ
583,Thể thao
584,Khoa học và công nghệ
585,Sức khỏe
586,Sức khỏe
587,Giáo dục
588,Giáo dục
589,Kinh doanh
590,Thể thao
591,Sức khỏe
592,Thể thao
593,Khoa học và công nghệ
594,Giáo dục
595,Thể thao
596,Kinh doanh
597,Khoa học và công nghệ
598,Thời sự
599,Bất động sản
600,Bất động sản
601,Sức khỏe
602,Sức khỏe
603,Thời sự
604,Giải trí
605,Giải trí
606,Giải trí
607,Kinh doanh
608,Khoa học và công nghệ
609,Sức khỏe
610,Sức khỏe
611,Thể thao
612,Giáo dục
613,Khoa học và công nghệ
614,Thể thao
615,Giáo dục
616,Bất động sản
617,Thể thao
618,Khoa học và công nghệ
619,Bất động sản
620,Thời sự
621,Kinh doanh
622,Thời sự
623,Kinh doanh
624,Thể thao
625,Kinh doanh
626,Kinh doanh
627,Thời sự
628,Kinh doanh
629,Giải trí
630,Khoa học và công nghệ
631,Bất động sản
632,Thể thao
633,Bất động sản
634,Bất động sản
635,Kinh doanh
636,Khoa học và công nghệ
637,Giải trí
638,Thể thao
639,Thời sự
640,Giáo dục
641,Giải trí
642,Sức khỏe
643,Khoa học và công nghệ
644,Kinh doanh
645,Khoa học và công nghệ
646,Khoa học và công nghệ
647,Thể thao
648,Giáo dục
649,Sức khỏe
650,Bất động sản
651,Giáo dục
652,Thời sự
653,Khoa học và công nghệ
654,Sức khỏe
655,Giải trí
656,Kinh doanh
657,Giáo dục
658,Bất động sản
659,Khoa học và công nghệ
660,Thời sự
661,Thời sự
662,Khoa học và công nghệ
663,Bất động sản
664,Thời sự
665,Sức khỏe
666,Giải trí
667,Thời sự
668,Thể thao
669,Kinh doanh
670,Giải trí
671,Giải trí
672,Khoa học và công nghệ
673,Khoa học và công nghệ
674,Kinh doanh
675,Kinh doanh
676,Thể thao
677,Giải trí
678,Sức khỏe
679,Giáo dục
680,Thể thao
681,Thời sự
682,Giải trí
683,Kinh doanh
684,Giải trí
685,Thể thao
686,Thể thao
687,Thời sự
688,Kinh doanh
689,Kinh doanh
690,Thời sự
691,Bất động sản
692,Kinh doanh
693,Bất động sản
694,Khoa học và công nghệ
695,Thể thao
696,Kinh doanh
697,Thời sự
698,Giải trí
699,Thời sự
700,Sức khỏe
701,Sức khỏe
702,Khoa học và công nghệ
703,Khoa học và công nghệ
704,Thời sự
705,Giáo dục
706,Giáo dục
707,Kinh doanh
708,Thể thao
709,Kinh doanh
710,Giải trí
711,Giải trí
712,Kinh doanh
713,Giải trí
714,Giải trí
715,Bất động sản
716,Kinh doanh
717,Thời sự
718,Thể thao
719,Kinh doanh
720,Thể thao
721,Giáo dục
722,Bất động sản
723,Thời sự
724,Giáo dục
725,Sức khỏe
726,Giải trí
727,Sức khỏe
728,Giải trí
729,Khoa học và công nghệ
730,Thời sự
731,Thời sự
732,Thể thao
733,Giải trí
734,Thời sự
735,Giáo dục
736,Giáo dục
737,Kinh doanh
738,Sức khỏe
739,Khoa học và công nghệ
740,Kinh doanh
741,Bất động sản
742,Khoa học và công nghệ
743,Thể thao
744,Thể thao
745,Thể thao
746,Bất động sản
747,Bất động sản
748,Thể thao
749,Thể thao
750,Giải trí
751,Thời sự
752,Kinh doanh
753,Giáo dục
754,Bất động sản
755,Bất động sản
756,Giáo dục
757,Sức khỏe
758,Kinh doanh
759,Kinh doanh
760,Khoa học và công nghệ
761,Bất động sản
762,Kinh doanh
763,Thể thao
764,Giáo dục
765,Bất động sản
766,Giáo dục
767,Kinh doanh
768,Giáo dục
769,Sức khỏe
770,Kinh doanh
771,Giáo dục
772,Giải trí
773,Thể thao
774,Khoa học và công nghệ
775,Giải trí
776,Bất động sản
777,Thể thao
778,Sức khỏe
779,Bất động sản
780,Giáo dục
781,Giáo dục
782,Khoa học và công nghệ
783,Thời sự
784,Thời sự
785,Thể thao
786,Sức khỏe
787,Giáo dục
788,Thể thao
789,Giáo dục
790,Khoa học và công nghệ
791,Khoa học và công nghệ
792,Giải trí
793,Giáo dục
794,Khoa học và công nghệ
795,Thời sự
796,Kinh doanh
797,Sức khỏe
798,Sức khỏe
799,Giải trí
800,Khoa học và công nghệ
801,Bất động sản
802,Kinh doanh
803,Kinh doanh
804,Bất động sản
805,Giáo dục
806,Kinh doanh
807,Khoa học và công nghệ
808,Kinh doanh
809,Kinh doanh
810,Giáo dục
811,Thời sự
812,Giáo dục
813,Sức khỏe
814,Sức khỏe
815,Sức khỏe
816,Thời sự
817,Kinh doanh
818,Giải trí
819,Thời sự
820,Thể thao
821,Khoa học và công nghệ
822,Sức khỏe
823,Kinh doanh
824,Giáo dục
825,Kinh doanh
826,Kinh doanh
827,Thời sự
828,Sức khỏe
829,Giải trí
830,Sức khỏe
831,Bất động sản
832,Kinh doanh
833,Sức khỏe
834,Giải trí
835,Bất động sản
836,Giáo dục
837,Thời sự
838,Kinh doanh
839,Thể thao
840,Kinh doanh
841,Thể thao
842,Thể thao
843,Thể thao
844,Khoa học và công nghệ
845,Giáo dục
846,Thể thao
847,Kinh doanh
848,Khoa học và công nghệ
849,Giáo dục
850,Khoa học và công nghệ
851,Bất động sản
852,Kinh doanh
853,Thể thao
854,Sức khỏe
855,Khoa học và công nghệ
856,Giải trí
857,Kinh doanh
858,Bất động sản
859,Kinh doanh
860,Kinh doanh
861,Kinh doanh
862,Khoa học và công nghệ
863,Thể thao
864,Thời sự
865,Giải trí
866,Thời sự
867,Giáo dục
868,Sức khỏe
869,Kinh doanh
870,Bất động sản
871,Khoa học và công nghệ
872,Thời sự
873,Kinh doanh
874,Thể thao
875,Bất động sản
876,Kinh doanh
877,Thể thao
878,Giáo dục
879,Khoa học và công nghệ
880,Thời sự
881,Khoa học và công nghệ
882,Khoa học và công nghệ
883,Khoa học và công nghệ
884,Khoa học và công nghệ
885,Kinh doanh
886,Giáo dục
887,Khoa học và công nghệ
888,Bất động sản
889,Kinh doanh
890,Thể thao
891,Giải trí
892,Bất động sản
893,Thể thao
894,Kinh doanh
895,Sức khỏe
896,Khoa học và công nghệ
897,Giải trí
898,Kinh doanh
899,Bất động sản
900,Khoa học và công nghệ
901,Giải trí
902,Kinh doanh
903,Khoa học và công nghệ
904,Sức khỏe
905,Thời sự
906,Thời sự
907,Thời sự
908,Thể thao
909,Kinh doanh
910,Bất động sản
911,Giáo dục
912,Thể thao
913,Bất động sản
914,Giáo dục
915,Sức khỏe
916,Kinh doanh
917,Sức khỏe
918,Khoa học và công nghệ
919,Sức khỏe
920,Khoa học và công nghệ
921,Sức khỏe
922,Giáo dục
923,Giải trí
924,Bất động sản
925,Thời sự
926,Thời sự
927,Sức khỏe
928,Giải trí
929,Kinh doanh
930,Bất động sản
931,Bất động sản
932,Sức khỏe
933,Thể thao
934,Giáo dục
935,Sức khỏe
936,Khoa học và công nghệ
937,Kinh doanh
938,Thời sự
939,Bất động sản
940,Kinh doanh
941,Giải trí
942,Thể thao
943,Giáo dục
944,Kinh doanh
945,Bất động sản
946,Bất động sản
947,Bất động sản
948,Thời sự
949,Khoa học và công nghệ
950,Sức khỏe
951,Sức khỏe
952,Giải trí
953,Giải trí
954,Kinh doanh
955,Kinh doanh
956,Thời sự
957,Sức khỏe
958,Kinh doanh
959,Kinh doanh
960,Thể thao
961,Khoa học và công nghệ
962,Kinh doanh
963,Bất động sản
964,Sức khỏe
965,Thời sự
966,Bất động sản
967,Sức khỏe
968,Giải trí
969,Sức khỏe
970,Sức khỏe
971,Khoa học và công nghệ
972,Bất động sản
973,Kinh doanh
974,Thể thao
975,Sức khỏe
976,Giáo dục
977,Kinh doanh
978,Thời sự
979,Giáo dục
980,Thể thao
981,Thể thao
982,Giáo dục
983,Bất động sản
984,Giáo dục
985,Kinh doanh
986,Sức khỏe
987,Thể thao
988,Thời sự
989,Thể thao
990,Khoa học và công nghệ
991,Kinh doanh
992,Thời sự
993,Giáo dục
994,Giáo dục
995,Sức khỏe
996,Thời sự
997,Kinh doanh
998,Sức khỏe
999,Thể thao
1000,Kinh doanh
1001,Kinh doanh
1002,Giáo dục
1003,Giải trí
1004,Khoa học và công nghệ
1005,Sức khỏe
1006,Giáo dục
1007,Sức khỏe
1008,Bất động sản
1009,Kinh doanh
1010,Thể thao
1011,Kinh doanh
1012,Khoa học và công nghệ
1013,Bất động sản
1014,Khoa học và công nghệ
1015,Thể thao
1016,Sức khỏe
1017,Kinh doanh
1018,Bất động sản
1019,Bất động sản
1020,Khoa học và công nghệ
1021,Giáo dục
1022,Sức khỏe
1023,Thể thao
1024,Khoa học và công nghệ
1025,Kinh doanh
1026,Sức khỏe
1027,Bất động sản
1028,Kinh doanh
1029,Thể thao
1030,Kinh doanh
1031,Thể thao
1032,Giáo dục
1033,Khoa học và công nghệ
1034,Bất động sản
1035,Kinh doanh
1036,Giáo dục
1037,Giáo dục
1038,Giải trí
1039,Thể thao
1040,Giáo dục
1041,Thời sự
1042,Sức khỏe
1043,Kinh doanh
1044,Thể thao
1045,Giáo dục
1046,Giải trí
1047,Thể thao
1048,Kinh doanh
1049,Thời sự
1050,Bất động sản
1051,Kinh doanh
1052,Khoa học và công nghệ
1053,Kinh doanh
1054,Thời sự
1055,Thể thao
1056,Bất động sản
1057,Khoa học và công nghệ
1058,Giáo dục
1059,Sức khỏe
1060,Thể thao
1061,Giải trí
1062,Thể thao
1063,Thời sự
1064,Khoa học và công nghệ
1065,Bất động sản
1066,Thể thao
1067,Thời sự
1068,Giáo dục
1069,Sức khỏe
1070,Thời sự
1071,Thể thao
1072,Thể thao
1073,Giáo dục
1074,Kinh doanh
1075,Giải trí
1076,Sức khỏe
1077,Thể thao
1078,Giáo dục
1079,Kinh doanh
1080,Giáo dục
1081,Giáo dục
1082,Sức khỏe
1083,Sức khỏe
1084,Giải trí
1085,Sức khỏe
1086,Khoa học và công nghệ
1087,Giải trí
1088,Sức khỏe
1089,Kinh doanh
1090,Khoa học và công nghệ
1091,Giáo dục
1092,Thể thao
1093,Thời sự
1094,Khoa học và công nghệ
1095,Thể thao
1096,Giải trí
1097,Thời sự
1098,Kinh doanh
1099,Giáo dục
1100,Sức khỏe
1101,Thể thao
1102,Thời sự
1103,Sức khỏe
1104,Sức khỏe
1105,Khoa học và công nghệ
1106,Khoa học và công nghệ
1107,Giáo dục
1108,Kinh doanh
1109,Kinh doanh
1110,Khoa học và công nghệ
1111,Thể thao
1112,Kinh doanh
1113,Bất động sản
1114,Kinh doanh
1115,Sức khỏe
1116,Khoa học và công nghệ
1117,Thời sự
1118,Giải trí
1119,Thể thao
1120,Thời sự
1121,Bất động sản
1122,Khoa học và công nghệ
1123,Thời sự
1124,Thời sự
1125,Kinh doanh
1126,Thể thao
1127,Khoa học và công nghệ
1128,Sức khỏe
1129,Giải trí
1130,Khoa học và công nghệ
1131,Giáo dục
1132,Thời sự
1133,Thể thao
1134,Giáo dục
1135,Sức khỏe
1136,Thời sự
1137,Thể thao
1138,Khoa học và công nghệ
1139,Thể thao
1140,Giáo dục
1141,Giải trí
1142,Kinh doanh
1143,Thể thao
1144,Thể thao
1145,Sức khỏe
1146,Giải trí
1147,Khoa học và công nghệ
1148,Sức khỏe
1149,Khoa học và công nghệ
1150,Khoa học và công nghệ
1151,Bất động sản
1152,Giáo dục
1153,Thể thao
1154,Thể thao
1155,Khoa học và công nghệ
1156,Thời sự
1157,Thể thao
1158,Sức khỏe
1159,Thể thao
1160,Kinh doanh
1161,Khoa học và công nghệ
1162,Giáo dục
1163,Bất động sản
1164,Khoa học và công nghệ
1165,Giải trí
1166,Bất động sản
1167,Khoa học và công nghệ
1168,Thể thao
1169,Giáo dục
1170,Thể thao
1171,Bất động sản
1172,Giải trí
1173,Kinh doanh
1174,Thời sự
1175,Thể thao
1176,Giải trí
1177,Kinh doanh
1178,Bất động sản
1179,Giải trí
1180,Giải trí
1181,Sức khỏe
1182,Bất động sản
1183,Giáo dục
1184,Giáo dục
1185,Giáo dục
1186,Thời sự
1187,Kinh doanh
1188,Giáo dục
1189,Khoa học và công nghệ
1190,Thời sự
1191,Kinh doanh
1192,Kinh doanh
1193,Thể thao
1194,Thể thao
1195,Giáo dục
1196,Sức khỏe
1197,Kinh doanh
1198,Sức khỏe
1199,Thời sự
1200,Sức khỏe
1201,Kinh doanh
1202,Giáo dục
1203,Sức khỏe
1204,Giải trí
1205,Kinh doanh
1206,Giải trí
1207,Kinh doanh
1208,Bất động sản
1209,Sức khỏe
1210,Giáo dục
1211,Giáo dục
1212,Thể thao
1213,Khoa học và công nghệ
1214,Bất động sản
1215,Thời sự
1216,Giải trí
1217,Giáo dục
1218,Sức khỏe
1219,Giáo dục
1220,Thời sự
1221,Sức khỏe
1222,Giải trí
1223,Khoa học và công nghệ
1224,Thời sự
1225,Giáo dục
1226,Sức khỏe
1227,Sức khỏe
1228,Khoa học và công nghệ
1229,Giải trí
1230,Thể thao
1231,Kinh doanh
1232,Thời sự
1233,Thời sự
1234,Kinh doanh
1235,Giáo dục
1236,Thời sự
1237,Khoa học và công nghệ
1238,Thời sự
1239,Thời sự
1240,Giải trí
1241,Bất động sản
1242,Sức khỏe
1243,Thời sự
1244,Giáo dục
1245,Giáo dục
1246,Sức khỏe
1247,Giải trí
1248,Khoa học và công nghệ
1249,Giải trí
1250,Thời sự
1251,Sức khỏe
1252,Giải trí
1253,Giải trí
1254,Thể thao
1255,Giáo dục
1256,Bất động sản
1257,Sức khỏe
1258,Kinh doanh
1259,Bất động sản
1260,Kinh doanh
1261,Thời sự
1262,Thời sự
1263,Giải trí
1264,Giáo dục
1265,Khoa học và công nghệ
1266,Sức khỏe
1267,Giải trí
1268,Kinh doanh
1269,Bất động sản
1270,Thời sự
1271,Thời sự
1272,Bất động sản
1273,Giải trí
1274,Khoa học và công nghệ
1275,Khoa học và công nghệ
1276,Bất động sản
1277,Thể thao
1278,Bất động sản
1279,Giáo dục
1280,Thể thao
1281,Sức khỏe
1282,Giáo dục
1283,Thể thao
1284,Thời sự
1285,Sức khỏe
1286,Giáo dục
1287,Khoa học và công nghệ
1288,Khoa học và công nghệ
1289,Sức khỏe
1290,Sức khỏe
1291,Khoa học và công nghệ
1292,Giải trí
1293,Thể thao
1294,Thể thao
1295,Sức khỏe
1296,Kinh doanh
1297,Giáo dục
1298,Khoa học và công nghệ
1299,Kinh doanh
1300,Thời sự
1301,Sức khỏe
1302,Sức khỏe
1303,Bất động sản
1304,Thời sự
1305,Kinh doanh
1306,Thể thao
1307,Kinh doanh
1308,Bất động sản
1309,Sức khỏe
1310,Kinh doanh
1311,Sức khỏe
1312,Thể thao
1313,Sức khỏe
1314,Thời sự
1315,Thể thao
1316,Sức khỏe
1317,Thời sự
1318,Thể thao
1319,Thể thao
1320,Giải trí
1321,Giáo dục
1322,Giải trí
1323,Sức khỏe
1324,Giải trí
1325,Thể thao
1326,Khoa học và công nghệ
1327,Sức khỏe
1328,Giáo dục
1329,Bất động sản
1330,Giáo dục
1331,Kinh doanh
1332,Khoa học và công nghệ
1333,Sức khỏe
1334,Kinh doanh
1335,Giáo dục
1336,Giải trí
1337,Thời sự
1338,Thể thao
1339,Giải trí
1340,Sức khỏe
1341,Kinh doanh
1342,Khoa học và công nghệ
1343,Giải trí
1344,Giải trí
1345,Thể thao
1346,Thời sự
1347,Kinh doanh
1348,Giáo dục
1349,Thời sự
1350,Giải trí
1351,Khoa học và công nghệ
1352,Giải trí
1353,Kinh doanh
1354,Sức khỏe
1355,Kinh doanh
1356,Giáo dục
1357,Khoa học và công nghệ
1358,Giáo dục
1359,Bất động sản
1360,Thể thao
1361,Giáo dục
1362,Khoa học và công nghệ
1363,Giáo dục
1364,Khoa học và công nghệ
1365,Khoa học và công nghệ
1366,Thời sự
1367,Sức khỏe
1368,Giáo dục
1369,Khoa học và công nghệ
1370,Thời sự
1371,Kinh doanh
1372,Thể thao
1373,Thể thao
1374,Giải trí
1375,Khoa học và công nghệ
1376,Giải trí
1377,Kinh doanh
1378,Giáo dục
1379,Thời sự
1380,Sức khỏe
1381,Thể thao
1382,Giải trí
1383,Bất động sản
1384,Giáo dục
1385,Giải trí
1386,Khoa học và công nghệ
1387,Giáo dục
1388,Giải trí
1389,Sức khỏe
1390,Giáo dục
1391,Giải trí
1392,Giải trí
1393,Khoa học và công nghệ
1394,Thể thao
1395,Kinh doanh
1396,Thời sự
1397,Thể thao
1398,Sức khỏe
1399,Bất động sản
1400,Thời sự
1401,Khoa học và công nghệ
1402,Kinh doanh
1403,Bất động sản
1404,Giải trí
1405,Kinh doanh
1406,Thể thao
1407,Khoa học và công nghệ
1408,Giải trí
1409,Giải trí
1410,Thời sự
1411,Thể thao
1412,Thời sự
1413,Giáo dục
1414,Bất động sản
1415,Khoa học và công nghệ
1416,Kinh doanh
1417,Giáo dục
1418,Thể thao
1419,Giải trí
1420,Thể thao
1421,Giáo dục
1422,Bất động sản
1423,Khoa học và công nghệ
1424,Thời sự
1425,Giáo dục
1426,Giải trí
1427,Giải trí
1428,Sức khỏe
1429,Giáo dục
1430,Giải trí
1431,Kinh doanh
1432,Giải trí
1433,Giáo dục
1434,Kinh doanh
1435,Bất động sản
1436,Thời sự
1437,Thời sự
1438,Thể thao
1439,Kinh doanh
1440,Bất động sản
1441,Sức khỏe
1442,Khoa học và công nghệ
1443,Giải trí
1444,Thể thao
1445,Khoa học và công nghệ
1446,Giải trí
1447,Bất động sản
1448,Giáo dục
1449,Thời sự
1450,Khoa học và công nghệ
1451,Bất động sản
1452,Sức khỏe
1453,Giải trí
1454,Giải trí
1455,Giáo dục
1456,Thể thao
1457,Thể thao
1458,Giáo dục
1459,Kinh doanh
1460,Thời sự
1461,Khoa học và công nghệ
1462,Thời sự
1463,Kinh doanh
1464,Thể thao
1465,Thời sự
1466,Giáo dục
1467,Giáo dục
1468,Khoa học và công nghệ
1469,Giáo dục
1470,Giáo dục
1471,Kinh doanh
1472,Kinh doanh
1473,Kinh doanh
1474,Thời sự
1475,Thời sự
1476,Bất động sản
1477,Sức khỏe
1478,Bất động sản
1479,Khoa học và công nghệ
1480,Giáo dục
1481,Sức khỏe
1482,Bất động sản
1483,Khoa học và công nghệ
1484,Kinh doanh
1485,Kinh doanh
1486,Thời sự
1487,Sức khỏe
1488,Giải trí
1489,Thể thao
1490,Thời sự
1491,Bất động sản
1492,Sức khỏe
1493,Khoa học và công nghệ
1494,Giáo dục
1495,Giải trí
1496,Thể thao
1497,Khoa học và công nghệ
1498,Giải trí
1499,Bất động sản
1500,Sức khỏe
1501,Thời sự
1502,Khoa học và công nghệ
1503,Giải trí
1504,Giáo dục
1505,Thời sự
1506,Bất động sản
1507,Khoa học và công nghệ
1508,Thể thao
1509,Sức khỏe
1510,Thể thao
1511,Giải trí
1512,Khoa học và công nghệ
1513,Sức khỏe
1514,Khoa học và công nghệ
1515,Khoa học và công nghệ
1516,Giải trí
1517,Thể thao
1518,Thể thao
1519,Sức khỏe
1520,Thể thao
1521,Kinh doanh
1522,Khoa học và công nghệ
1523,Giải trí
1524,Sức khỏe
1525,Khoa học và công nghệ
1526,Giải trí
1527,Khoa học và công nghệ
1528,Kinh doanh
1529,Sức khỏe
1530,Khoa học và công nghệ
1531,Giải trí
1532,Thể thao
1533,Giáo dục
1534,Giáo dục
1535,Giải trí
1536,Kinh doanh
1537,Thời sự
1538,Bất động sản
1539,Sức khỏe
1540,Thời sự
1541,Khoa học và công nghệ
1542,Sức khỏe
1543,Giải trí
1544,Sức khỏe
1545,Khoa học và công nghệ
1546,Thể thao
1547,Giải trí
1548,Thời sự
1549,Kinh doanh
1550,Bất động sản
1551,Thể thao
1552,Thể thao
1553,Thời sự
1554,Khoa học và công nghệ
1555,Sức khỏe
1556,Thể thao
1557,Bất động sản
1558,Bất động sản
1559,Thể thao
1560,Bất động sản
1561,Thể thao
1562,Kinh doanh
1563,Giải trí
1564,Thời sự
1565,Bất động sản
1566,Giáo dục
1567,Bất động sản
1568,Kinh doanh
1569,Kinh doanh
1570,Kinh doanh
1571,Sức khỏe
1572,Thể thao
1573,Giáo dục
1574,Khoa học và công nghệ
1575,Kinh doanh
1576,Khoa học và công nghệ
1577,Kinh doanh
1578,Thời sự
1579,Thời sự
1580,Thể thao
1581,Thể thao
1582,Sức khỏe
1583,Khoa học và công nghệ
1584,Giáo dục
1585,Thể thao
1586,Khoa học và công nghệ
1587,Khoa học và công nghệ
1588,Thời sự
1589,Kinh doanh
1590,Sức khỏe
1591,Giải trí
1592,Kinh doanh
1593,Kinh doanh
1594,Thể thao
1595,Thời sự
1596,Bất động sản
1597,Sức khỏe
1598,Khoa học và công nghệ
1599,Bất động sản
1600,Kinh doanh
1601,Bất động sản
1602,Thời sự
1603,Bất động sản
1604,Thể thao
1605,Khoa học và công nghệ
1606,Khoa học và công nghệ
1607,Thể thao
1608,Kinh doanh
1609,Thể thao
1610,Thời sự
1611,Sức khỏe
1612,Giải trí
1613,Thời sự
1614,Giải trí
1615,Giải trí
1616,Kinh doanh
1617,Thể thao
1618,Thể thao
1619,Khoa học và công nghệ
1620,Kinh doanh
1621,Bất động sản
1622,Khoa học và công nghệ
1623,Bất động sản
1624,Bất động sản
1625,Thời sự
1626,Khoa học và công nghệ
1627,Thời sự
1628,Sức khỏe
1629,Kinh doanh
1630,Giáo dục
1631,Kinh doanh
1632,Giải trí
1633,Thể thao
1634,Kinh doanh
1635,Sức khỏe
1636,Bất động sản
1637,Giải trí
1638,Kinh doanh
1639,Thời sự
1640,Kinh doanh
1641,Kinh doanh
1642,Giải trí
1643,Kinh doanh
1644,Sức khỏe
1645,Sức khỏe
1646,Sức khỏe
1647,Kinh doanh
1648,Bất động sản
1649,Thời sự
1650,Giải trí
1651,Giáo dục
1652,Giải trí
1653,Giáo dục
1654,Thể thao
1655,Khoa học và công nghệ
1656,Giải trí
1657,Sức khỏe
1658,Thời sự
1659,Bất động sản
1660,Khoa học và công nghệ
1661,Kinh doanh
1662,Khoa học và công nghệ
1663,Giáo dục
1664,Thời sự
1665,Thời sự
1666,Thời sự
1667,Giáo dục
1668,Thể thao
1669,Khoa học và công nghệ
1670,Kinh doanh
1671,Thể thao
1672,Kinh doanh
1673,Thời sự
1674,Thời sự
1675,Thể thao
1676,Thời sự
1677,Thể thao
1678,Kinh doanh
1679,Giáo dục
1680,Bất động sản
1681,Kinh doanh
1682,Kinh doanh
1683,Kinh doanh
1684,Sức khỏe
1685,Sức khỏe
1686,Bất động sản
1687,Kinh doanh
1688,Giáo dục
1689,Bất động sản
1690,Bất động sản
1691,Thể thao
1692,Thời sự
1693,Giải trí
1694,Giải trí
1695,Sức khỏe
1696,Giáo dục
1697,Giáo dục
1698,Giáo dục
1699,Kinh doanh
1700,Bất động sản
1701,Sức khỏe
1702,Thời sự
1703,Thể thao
1704,Thể thao
1705,Giáo dục
1706,Thể thao
1707,Thể thao
1708,Thời sự
1709,Giải trí
1710,Thể thao
1711,Sức khỏe
1712,Khoa học và công nghệ
1713,Giải trí
1714,Sức khỏe
1715,Giáo dục
1716,Giải trí
1717,Thời sự
1718,Giáo dục
1719,Bất động sản
1720,Giáo dục
1721,Thời sự
1722,Giải trí
1723,Thời sự
1724,Sức khỏe
1725,Giáo dục
1726,Thể thao
1727,Thời sự
1728,Kinh doanh
1729,Sức khỏe
1730,Thể thao
1731,Thể thao
1732,Khoa học và công nghệ
1733,Kinh doanh
1734,Khoa học và công nghệ
1735,Thời sự
1736,Bất động sản
1737,Thể thao
1738,Kinh doanh
1739,Thể thao
1740,Bất động sản
1741,Khoa học và công nghệ
1742,Bất động sản
1743,Giải trí
1744,Thời sự
1745,Thời sự
1746,Kinh doanh
1747,Giáo dục
1748,Khoa học và công nghệ
1749,Thể thao
1750,Kinh doanh
1751,Thời sự
1752,Thời sự
1753,Giáo dục
1754,Thể thao
1755,Thời sự
1756,Sức khỏe
1757,Khoa học và công nghệ
1758,Giáo dục
1759,Khoa học và công nghệ
1760,Giải trí
1761,Giải trí
1762,Kinh doanh
1763,Khoa học và công nghệ
1764,Thể thao
1765,Sức khỏe
1766,Giáo dục
1767,Bất động sản
1768,Thời sự
1769,Khoa học và công nghệ
1770,Giáo dục
1771,Khoa học và công nghệ
1772,Sức khỏe
1773,Giải trí
1774,Thể thao
1775,Thời sự
1776,Giáo dục
1777,Khoa học và công nghệ
1778,Thời sự
1779,Bất động sản
1780,Giáo dục
1781,Bất động sản
1782,Bất động sản
1783,Thể thao
1784,Thể thao
1785,Khoa học và công nghệ
1786,Sức khỏe
1787,Thể thao
1788,Khoa học và công nghệ
1789,Khoa học và công nghệ
1790,Giáo dục
1791,Khoa học và công nghệ
1792,Giáo dục
1793,Khoa học và công nghệ
1794,Giáo dục
1795,Thời sự
1796,Thể thao
1797,Kinh doanh
1798,Sức khỏe
1799,Kinh doanh
1800,Giáo dục
1801,Kinh doanh
1802,Thể thao
1803,Thể thao
1804,Bất động sản
1805,Sức khỏe
1806,Giải trí
1807,Sức khỏe
1808,Giáo dục
1809,Khoa học và công nghệ
1810,Sức khỏe
1811,Giáo dục
1812,Sức khỏe
1813,Giải trí
1814,Giải trí
1815,Giải trí
1816,Sức khỏe
1817,Kinh doanh
1818,Thời sự
1819,Giáo dục
1820,Thể thao
1821,Kinh doanh
1822,Giáo dục
1823,Thời sự
1824,Giáo dục
1825,Bất động sản
1826,Thời sự
1827,Kinh doanh
1828,Giải trí
1829,Sức khỏe
1830,Giáo dục
1831,Sức khỏe
1832,Thể thao
1833,Sức khỏe
1834,Thời sự
1835,Thời sự
1836,Sức khỏe
1837,Kinh doanh
1838,Khoa học và công nghệ
1839,Kinh doanh
1840,Thời sự
1841,Bất động sản
1842,Giáo dục
1843,Khoa học và công nghệ
1844,Sức khỏe
1845,Giải trí
1846,Thời sự
1847,Thời sự
1848,Khoa học và công nghệ
1849,Khoa học và công nghệ
1850,Bất động sản
1851,Khoa học và công nghệ
1852,Bất động sản
1853,Khoa học và công nghệ
1854,Khoa học và công nghệ
1855,Khoa học và công nghệ
1856,Khoa học và công nghệ
1857,Giải trí
1858,Sức khỏe
1859,Khoa học và công nghệ
1860,Giáo dục
1861,Thời sự
1862,Thời sự
1863,Kinh doanh
1864,Kinh doanh
1865,Bất động sản
1866,Thể thao
1867,Giải trí
1868,Thời sự
1869,Bất động sản
1870,Giáo dục
1871,Giáo dục
1872,Kinh doanh
1873,Bất động sản
1874,Bất động sản
1875,Bất động sản
1876,Giải trí
1877,Giáo dục
1878,Thời sự
1879,Bất động sản
1880,Giải trí
1881,Sức khỏe
1882,Thời sự
1883,Thể thao
1884,Thể thao
1885,Kinh doanh
1886,Khoa học và công nghệ
1887,Thời sự
1888,Thể thao
1889,Giải trí
1890,Thể thao
1891,Giải trí
1892,Thể thao
1893,Thời sự
1894,Thể thao
1895,Giải trí
1896,Bất động sản
1897,Thể thao
1898,Giáo dục
1899,Giải trí
1900,Giáo dục
1901,Giải trí
1902,Giải trí
1903,Kinh doanh
1904,Giáo dục
1905,Thời sự
1906,Thời sự
1907,Bất động sản
1908,Giáo dục
1909,Thể thao
1910,Kinh doanh
1911,Giáo dục
1912,Giáo dục
1913,Bất động sản
1914,Kinh doanh
1915,Bất động sản
1916,Khoa học và công nghệ
1917,Sức khỏe
1918,Thời sự
1919,Thời sự
1920,Sức khỏe
1921,Giải trí
1922,Giải trí
1923,Thể thao
1924,Khoa học và công nghệ
1925,Giáo dục
1926,Giáo dục
1927,Thể thao
1928,Thời sự
1929,Giáo dục
1930,Kinh doanh
1931,Giải trí
1932,Thể thao
1933,Giải trí
1934,Thể thao
1935,Giáo dục
1936,Thể thao
1937,Kinh doanh
1938,Thời sự
1939,Bất động sản
1940,Giải trí
1941,Thời sự
1942,Khoa học và công nghệ
1943,Thể thao
1944,Thể thao
1945,Thể thao
1946,Sức khỏe
1947,Kinh doanh
1948,Thể thao
1949,Kinh doanh
1950,Giáo dục
1951,Bất động sản
1952,Giáo dục
1953,Thời sự
1954,Kinh doanh
1955,Khoa học và công nghệ
1956,Sức khỏe
1957,Sức khỏe
1958,Bất động sản
1959,Khoa học và công nghệ
1960,Thể thao
1961,Thể thao
1962,Thể thao
1963,Sức khỏe
1964,Giải trí
1965,Khoa học và công nghệ
1966,Giáo dục
1967,Kinh doanh
1968,Giáo dục
1969,Khoa học và công nghệ
1970,Sức khỏe
1971,Bất động sản
1972,Kinh doanh
1973,Sức khỏe
1974,Bất động sản
1975,Kinh doanh
1976,Thời sự
1977,Bất động sản
1978,Kinh doanh
1979,Giáo dục
1980,Sức khỏe
1981,Kinh doanh
1982,Thời sự
1983,Sức khỏe
1984,Giải trí
1985,Thể thao
1986,Giáo dục
1987,Giải trí
1988,Giáo dục
1989,Khoa học và công nghệ
1990,Thời sự
1991,Sức khỏe
1992,Sức khỏe
1993,Kinh doanh
1994,Giáo dục
1995,Giáo dục
1996,Giải trí
1997,Kinh doanh
1998,Kinh doanh
1999,Giáo dục
2000,Bất động sản
2001,Thời sự
2002,Giải trí
2003,Giáo dục
2004,Giáo dục
2005,Thời sự
2006,Kinh doanh
2007,Thể thao
2008,Thể thao
2009,Khoa học và công nghệ
2010,Giải trí
2011,Thời sự
2012,Bất động sản
2013,Thể thao
2014,Bất động sản
2015,Thể thao
2016,Kinh doanh
2017,Thời sự
2018,Kinh doanh
2019,Thể thao
2020,Kinh doanh
2021,Giải trí
2022,Khoa học và công nghệ
2023,Kinh doanh
2024,Khoa học và công nghệ
2025,Sức khỏe
2026,Giáo dục
2027,Kinh doanh
2028,Thể thao
2029,Kinh doanh
2030,Khoa học và công nghệ
2031,Thời sự
2032,Giáo dục
2033,Khoa học và công nghệ
2034,Sức khỏe
2035,Giáo dục
2036,Giáo dục
2037,Thời sự
2038,Giáo dục
2039,Kinh doanh
2040,Khoa học và công nghệ
2041,Thể thao
2042,Bất động sản
2043,Bất động sản
2044,Sức khỏe
2045,Khoa học và công nghệ
2046,Giáo dục
2047,Khoa học và công nghệ
2048,Thời sự
2049,Thể thao
2050,Giáo dục
2051,Thời sự
2052,Thể thao
2053,Bất động sản
2054,Sức khỏe
2055,Giáo dục
2056,Bất động sản
2057,Khoa học và công nghệ
2058,Bất động sản
2059,Thể thao
2060,Thể thao
2061,Sức khỏe
2062,Giải trí
2063,Bất động sản
2064,Giải trí
2065,Bất động sản
2066,Giáo dục
2067,Giáo dục
2068,Sức khỏe
2069,Giáo dục
2070,Giáo dục
2071,Sức khỏe
2072,Giáo dục
2073,Giáo dục
2074,Thể thao
2075,Thể thao
2076,Kinh doanh
2077,Khoa học và công nghệ
2078,Thời sự
2079,Thời sự
2080,Giáo dục
2081,Thể thao
2082,Thể thao
2083,Giáo dục
2084,Sức khỏe
2085,Kinh doanh
2086,Kinh doanh
2087,Khoa học và công nghệ
2088,Thể thao
2089,Giáo dục
